554242032,飞云之下,https://music.163.com/song?id=554242032
29814898,可惜没如果,https://music.163.com/song?id=29814898
108138,那些你很冒险的梦,https://music.163.com/song?id=108138
25727803,修炼爱情,https://music.163.com/song?id=25727803
108478,醉赤壁,https://music.163.com/song?id=108478
108914,江南,https://music.163.com/song?id=108914
108242,她说,https://music.163.com/song?id=108242
108485,Always Online,https://music.163.com/song?id=108485
108245,爱笑的眼睛,https://music.163.com/song?id=108245
108493,我还想她,https://music.163.com/song?id=108493
108251,当你,https://music.163.com/song?id=108251
108418,背对背拥抱,https://music.163.com/song?id=108418
108468,小酒窝,https://music.163.com/song?id=108468
29848657,手心的蔷薇,https://music.163.com/song?id=29848657
108931,美人鱼,https://music.163.com/song?id=108931
25794009,裂缝中的阳光,https://music.163.com/song?id=25794009
108795,曹操,https://music.163.com/song?id=108795
108886,一千年以后,https://music.163.com/song?id=108886
108269,记得,https://music.163.com/song?id=108269
108503,期待爱,https://music.163.com/song?id=108503
108134,学不会,https://music.163.com/song?id=108134
108463,不潮不用花钱,https://music.163.com/song?id=108463
108910,豆浆油条,https://music.163.com/song?id=108910
108543,杀手,https://music.163.com/song?id=108543
29850685,生生,https://music.163.com/song?id=29850685
37196629,不为谁而作的歌,https://music.163.com/song?id=37196629
247579,被风吹过的夏天,https://music.163.com/song?id=247579
25794008,黑暗骑士,https://music.163.com/song?id=25794008
108263,心墙,https://music.163.com/song?id=108263
108406,加油！,https://music.163.com/song?id=108406
108254,一眼万年,https://music.163.com/song?id=108254
108248,只对你有感觉,https://music.163.com/song?id=108248
40147554,关键词,https://music.163.com/song?id=40147554
108428,爱不会绝迹,https://music.163.com/song?id=108428
108806,原来,https://music.163.com/song?id=108806
108265,我很想爱他,https://music.163.com/song?id=108265
108260,握不住的他,https://music.163.com/song?id=108260
1369998604,我们很好,https://music.163.com/song?id=1369998604
25729074,因你而在,https://music.163.com/song?id=25729074
417833348,超越无限,https://music.163.com/song?id=417833348
108473,黑武士,https://music.163.com/song?id=108473
108401,第几个一百天,https://music.163.com/song?id=108401
108136,故事细腻,https://music.163.com/song?id=108136
108965,冻结,https://music.163.com/song?id=108965
34040694,期待你的爱,https://music.163.com/song?id=34040694
108810,不死之身,https://music.163.com/song?id=108810
108950,就是我,https://music.163.com/song?id=108950
108858,编号89757,https://music.163.com/song?id=108858
108267,一生的爱,https://music.163.com/song?id=108267
108140,白羊梦,https://music.163.com/song?id=108140
